1	5	2023
1	6	2023
1	7	2023
1	8	2023
1	9	2023
2	4	2023
3	4	2023
4	9	2023
5	4	2023
6	5	2023
6	7	2023
6	9	2023
7	1	2023
7	2	2023
7	3	2023
7	4	2023
7	5	2023
7	6	2023
7	7	2023
7	8	2023
7	9	2023
7	10	2023
7	11	2023
7	12	2023
8	9	2023
9	9	2023
10	5	2023
11	1	2023
11	2	2023
11	3	2023
11	4	2023
11	5	2023
11	6	2023
11	7	2023
11	8	2023
11	9	2023
11	10	2023
11	11	2023
11	12	2023
12	1	2023
12	4	2023
12	7	2023
12	10	2023
13	4	2023
13	10	2023
14	1	2023
14	4	2023
14	7	2023
14	10	2023
15	1	2023
15	4	2023
15	7	2023
15	10	2023
16	1	2023
16	4	2023
16	7	2023
16	10	2023
17	4	2023
18	1	2023
18	4	2023
18	7	2023
18	10	2023
19	4	2023
20	4	2023
21	4	2023
22	1	2023
22	2	2023
22	3	2023
22	4	2023
22	5	2023
22	6	2023
22	7	2023
22	8	2023
22	9	2023
22	10	2023
22	11	2023
22	12	2023
23	4	2023
23	10	2023
24	4	2023
24	10	2023
25	1	2023
25	4	2023
25	7	2023
25	10	2023
26	1	2023
26	4	2023
26	7	2023
26	10	2023
27	4	2023
27	10	2023
28	1	2023
28	2	2023
28	3	2023
28	4	2023
28	5	2023
28	6	2023
28	7	2023
28	8	2023
28	9	2023
28	10	2023
28	11	2023
28	12	2023
29	1	2023
29	2	2023
29	3	2023
29	4	2023
29	5	2023
29	6	2023
29	7	2023
29	8	2023
29	9	2023
29	10	2023
29	11	2023
29	12	2023
30	1	2023
30	2	2023
30	3	2023
30	4	2023
30	5	2023
30	6	2023
30	7	2023
30	8	2023
30	9	2023
30	10	2023
30	11	2023
30	12	2023
31	1	2023
31	2	2023
31	3	2023
31	4	2023
31	5	2023
31	6	2023
31	7	2023
31	8	2023
31	9	2023
31	10	2023
31	11	2023
31	12	2023
32	1	2023
32	2	2023
32	3	2023
32	4	2023
32	5	2023
32	6	2023
32	7	2023
32	8	2023
32	9	2023
32	10	2023
32	11	2023
32	12	2023
33	1	2023
33	2	2023
33	3	2023
33	4	2023
33	5	2023
33	6	2023
33	7	2023
33	8	2023
33	9	2023
33	10	2023
33	11	2023
33	12	2023
34	1	2023
34	2	2023
34	3	2023
34	4	2023
34	5	2023
34	6	2023
34	7	2023
34	8	2023
34	9	2023
34	10	2023
34	11	2023
34	12	2023
35	1	2023
35	2	2023
35	3	2023
35	4	2023
35	5	2023
35	6	2023
35	7	2023
35	8	2023
35	9	2023
35	10	2023
35	11	2023
35	12	2023
36	1	2023
36	2	2023
36	3	2023
36	4	2023
36	5	2023
36	6	2023
36	7	2023
36	8	2023
36	9	2023
36	10	2023
36	11	2023
36	12	2023
37	1	2023
37	2	2023
37	3	2023
37	4	2023
37	5	2023
37	6	2023
37	7	2023
37	8	2023
37	9	2023
37	10	2023
37	11	2023
37	12	2023
38	4	2023
38	10	2023
39	4	2023
39	10	2023
40	1	2023
40	2	2023
40	3	2023
40	4	2023
40	5	2023
40	6	2023
40	7	2023
40	8	2023
40	9	2023
40	10	2023
40	11	2023
40	12	2023
41	1	2023
41	2	2023
41	3	2023
41	4	2023
41	5	2023
41	6	2023
41	7	2023
41	8	2023
41	9	2023
41	10	2023
41	11	2023
41	12	2023
42	1	2023
42	2	2023
42	3	2023
42	4	2023
42	5	2023
42	6	2023
42	7	2023
42	8	2023
42	9	2023
42	10	2023
42	11	2023
42	12	2023
43	1	2023
43	2	2023
43	3	2023
43	4	2023
43	5	2023
43	6	2023
43	7	2023
43	8	2023
43	9	2023
43	10	2023
43	11	2023
43	12	2023
44	1	2023
44	2	2023
44	3	2023
44	4	2023
44	5	2023
44	6	2023
44	7	2023
44	8	2023
44	9	2023
44	10	2023
44	11	2023
44	12	2023
45	3	2023
45	6	2023
45	9	2023
45	12	2023
46	1	2023
46	2	2023
46	3	2023
46	4	2023
46	5	2023
46	6	2023
46	7	2023
46	8	2023
46	9	2023
46	10	2023
46	11	2023
46	12	2023
47	1	2023
47	2	2023
47	3	2023
47	4	2023
47	5	2023
47	6	2023
47	7	2023
47	8	2023
47	9	2023
47	10	2023
47	11	2023
47	12	2023
48	3	2023
48	6	2023
48	9	2023
48	12	2023
49	1	2023
49	2	2023
49	3	2023
49	4	2023
49	5	2023
49	6	2023
49	7	2023
49	8	2023
49	9	2023
49	10	2023
49	11	2023
49	12	2023
50	1	2023
50	2	2023
50	3	2023
50	4	2023
50	5	2023
50	6	2023
50	7	2023
50	8	2023
50	9	2023
50	10	2023
50	11	2023
50	12	2023
51	1	2023
51	2	2023
51	3	2023
51	4	2023
51	5	2023
51	6	2023
51	7	2023
51	8	2023
51	9	2023
51	10	2023
51	11	2023
51	12	2023
52	1	2023
52	2	2023
52	3	2023
52	4	2023
52	5	2023
52	6	2023
52	7	2023
52	8	2023
52	9	2023
52	10	2023
52	11	2023
52	12	2023
53	1	2023
53	2	2023
53	3	2023
53	4	2023
53	5	2023
53	6	2023
53	7	2023
53	8	2023
53	9	2023
53	10	2023
53	11	2023
53	12	2023
54	1	2023
54	2	2023
54	3	2023
54	4	2023
54	5	2023
54	6	2023
54	7	2023
54	8	2023
54	9	2023
54	10	2023
54	11	2023
54	12	2023
55	1	2023
55	2	2023
55	3	2023
55	4	2023
55	5	2023
55	6	2023
55	7	2023
55	8	2023
55	9	2023
55	10	2023
55	11	2023
55	12	2023
56	1	2023
56	2	2023
56	3	2023
56	4	2023
56	5	2023
56	6	2023
56	7	2023
56	8	2023
56	9	2023
56	10	2023
56	11	2023
56	12	2023
57	5	2023
58	5	2023
59	1	2023
59	2	2023
59	3	2023
59	4	2023
59	5	2023
59	6	2023
59	7	2023
59	8	2023
59	9	2023
59	10	2023
59	11	2023
59	12	2023
60	3	2023
60	6	2023
60	9	2023
60	12	2023
61	3	2023
61	6	2023
61	9	2023
61	12	2023
62	1	2023
62	2	2023
62	3	2023
62	4	2023
62	5	2023
62	6	2023
62	7	2023
62	8	2023
62	9	2023
62	10	2023
62	11	2023
62	12	2023
63	1	2023
63	2	2023
63	3	2023
63	4	2023
63	5	2023
63	6	2023
63	7	2023
63	8	2023
63	9	2023
63	10	2023
63	11	2023
63	12	2023
64	1	2023
64	2	2023
64	3	2023
64	4	2023
64	10	2023
64	11	2023
64	12	2023
65	1	2023
65	2	2023
65	3	2023
65	4	2023
65	10	2023
65	11	2023
65	12	2023
66	3	2023
66	6	2023
66	9	2023
66	12	2023
67	1	2023
67	2	2023
67	3	2023
67	4	2023
67	5	2023
67	6	2023
67	7	2023
67	8	2023
67	9	2023
67	10	2023
67	11	2023
67	12	2023
68	1	2023
68	2	2023
68	3	2023
68	4	2023
68	5	2023
68	6	2023
68	7	2023
68	8	2023
68	9	2023
68	10	2023
68	11	2023
68	12	2023
69	1	2023
69	2	2023
69	3	2023
69	4	2023
69	5	2023
69	6	2023
69	7	2023
69	8	2023
69	9	2023
69	10	2023
69	11	2023
69	12	2023
70	1	2023
70	2	2023
70	3	2023
70	4	2023
70	5	2023
70	6	2023
70	7	2023
70	8	2023
70	9	2023
70	10	2023
70	11	2023
70	12	2023
71	3	2023
71	6	2023
71	9	2023
71	12	2023
72	3	2023
72	6	2023
72	9	2023
72	12	2023
73	1	2023
73	2	2023
73	3	2023
73	4	2023
73	5	2023
73	6	2023
73	7	2023
73	8	2023
73	9	2023
73	10	2023
73	11	2023
73	12	2023
74	1	2023
74	2	2023
74	3	2023
74	4	2023
74	5	2023
74	6	2023
74	7	2023
74	8	2023
74	9	2023
74	10	2023
74	11	2023
74	12	2023
75	3	2023
75	6	2023
75	9	2023
75	12	2023
76	3	2023
76	6	2023
76	9	2023
76	12	2023
77	1	2023
77	2	2023
77	3	2023
77	4	2023
77	5	2023
77	6	2023
77	7	2023
77	8	2023
77	9	2023
77	10	2023
77	11	2023
77	12	2023
78	1	2023
78	2	2023
78	3	2023
78	10	2023
78	11	2023
78	12	2023
79	1	2023
79	2	2023
79	3	2023
79	10	2023
79	11	2023
79	12	2023
80	1	2023
80	2	2023
80	3	2023
80	4	2023
80	5	2023
80	6	2023
80	7	2023
80	8	2023
80	9	2023
80	10	2023
80	11	2023
80	12	2023
81	1	2023
81	2	2023
81	3	2023
81	4	2023
81	5	2023
81	6	2023
81	7	2023
81	8	2023
81	9	2023
81	10	2023
81	11	2023
81	12	2023
82	1	2023
82	2	2023
82	3	2023
82	4	2023
82	5	2023
82	6	2023
82	7	2023
82	8	2023
82	9	2023
82	10	2023
82	11	2023
82	12	2023
